<?xml version="1.0" encoding="UTF-8"?>
<uptime xmlns:xsi="http://www.w3.org/2001/XMLSchema-instance" version="4.0" target_grouping="other">'
    <class>EMC VNX Raid Group Monitor</class>
	<exec>com.uptimesoftware.uptime.erdc.MonitorCustomScriptRunner</exec>
	<erdc_version>1.1</erdc_version>
	<category>Storage Monitors</category>
	<category_related>Network Device Monitors</category_related>
	<grid_info>
		<supported_versions>7.3</supported_versions>
		<supported_platforms>windows</supported_platforms>
		<upgrade_in_place>true</upgrade_in_place>
		<requires_agent_scripts>false</requires_agent_scripts>
	</grid_info>	
    <elements>
        <element name="process_windows" parameter_type="input" data_type="string" gui_basic="1" range_type="0" hidden="true">
            <control_options>size:20</control_options>
            <default_value>plugins/scripts/monitor-emc-vnx-raid-group/monitor-emc-vnx-raid-group.bat</default_value>
            <validation_rule/><error_message/>
            <short_description>Script Executable</short_description>
            <long_description>Script Executable.  Leave at the default value, unless otherwise noted.</long_description>
            <error_message>
                <alphanumeric>required field</alphanumeric>
            </error_message>                
            <gui_type>
                <string/>
            </gui_type>
        </element>	
		<element name="NAVIPATH" parameter_type="input" data_type="string" gui_basic="1" range_type="0">
            <control_options>size:20</control_options>
            <default_value>C:\Program Files (x86)\EMC\Navisphere CLI\naviseccli.exe</default_value>
            <validation_rule/><error_message/>
            <short_description>EMC Navisphere CLI Path</short_description>
            <long_description>EMC Navisphere CLI Path (full path)</long_description>
            <error_message>
                <alphanumeric>required field</alphanumeric>
            </error_message>                
            <gui_type>
                <string/>
            </gui_type>
        </element>
        <element name="STORAGE_PROC_HOSTNAME" parameter_type="input" data_type="string" gui_basic="1" range_type="0">
            <control_options>size:20</control_options>
            <default_value></default_value>
            <validation_rule/><error_message/>
            <short_description>Storage Processor Hostname</short_description>
            <long_description>Storage processor hostname</long_description>
            <error_message>
                <alphanumeric>required field</alphanumeric>
            </error_message>                 
            <gui_type>
                <string/>
            </gui_type>
        </element>
        <element name="USERNAME" parameter_type="input" data_type="string" gui_basic="1" range_type="0">
            <control_options>size:20</control_options>
            <default_value></default_value>
            <validation_rule/><error_message/>
            <short_description>Username</short_description>
            <long_description>VNX management username</long_description>
            <error_message>
                <alphanumeric>required field</alphanumeric>
            </error_message>                 
            <gui_type>
                <string/>
            </gui_type>
        </element>
        <element name="PASSWORD" parameter_type="input" data_type="string" gui_basic="1" range_type="0">
            <control_options>size:20</control_options>
            <default_value></default_value>
            <validation_rule/><error_message/>
            <short_description>Password</short_description>
            <long_description>VNX management password</long_description>
            <error_message>
                <alphanumeric>required field</alphanumeric>
            </error_message>                 
            <gui_type>
                <password/>
            </gui_type>
        </element>
        <element name="Raw_Capacity_GBs" parameter_type="output" data_type="ranged" gui_basic="1" units="GBs" range_type="0">
            <control_options>size:10</control_options>
            <default_value/>
            <short_description>Raw Capacity (GBs)</short_description>
            <long_description>Raw Capacity (GBs)</long_description>
            <validation_rule/>
            <error_message/>
            <gui_type>
                <decimal/>
            </gui_type>
        </element>
        <element name="Logical_Capacity_GBs" parameter_type="output" data_type="ranged" gui_basic="1" units="GBs" range_type="0">
            <control_options>size:10</control_options>
            <default_value/>
            <short_description>Logical Capacity (GBs)</short_description>
            <long_description>Logical Capacity(GBs)</long_description>
            <validation_rule/>
            <error_message/>
            <gui_type>
                <decimal/>
            </gui_type>
        </element>
        <element name="Free_Capacity_GBs" parameter_type="output" data_type="ranged" gui_basic="1" units="GBs" range_type="0">
            <control_options>size:10</control_options>
            <default_value/>
            <short_description>Free Capacity (GBs)</short_description>
            <long_description>Free Capacity(GBs)</long_description>
            <validation_rule/>
            <error_message/>
            <gui_type>
                <decimal/>
            </gui_type>
        </element>  	
        <element name="Raw_Capacity_Blocks" parameter_type="output" data_type="ranged" gui_basic="1" units="Blocks" range_type="0">
            <control_options>size:10</control_options>
            <default_value/>
            <short_description>Raw Capacity (Blocks)</short_description>
            <long_description>Raw Capacity (Blocks)</long_description>
            <validation_rule/>
            <error_message/>
            <gui_type>
                <decimal/>
            </gui_type>
        </element>
        <element name="Logical_Capacity_Blocks" parameter_type="output" data_type="ranged" gui_basic="1" units="Blocks" range_type="0">
            <control_options>size:10</control_options>
            <default_value/>
            <short_description>Logical Capacity (Blocks)</short_description>
            <long_description>Logical Capacity (Blocks)</long_description>
            <validation_rule/>
            <error_message/>
            <gui_type>
                <decimal/>
            </gui_type>
        </element>
        <element name="Free_Capacity_Blocks_non-contiguous" parameter_type="output" data_type="ranged" gui_basic="1" units="Blocks" range_type="0">
            <control_options>size:10</control_options>
            <default_value/>
            <short_description>Free Capacity (Blocks,non-contiguous)</short_description>
            <long_description>Free Capacity (Blocks,non-contiguous)</long_description>
            <validation_rule/>
            <error_message/>
            <gui_type>
                <decimal/>
            </gui_type>
        </element>
       
    </elements>
    <help>Monitor EMC VNX Capacity Metrics broken down by Raid Group</help>
</uptime>
